Iran ||| Irani
Eggplant ||| Urutoryi
Bible ||| Bibiliya
Flag ||| Ibendera
Rose ||| Iroza
November ||| Ugushyingo
Australia ||| Ositaraliya
Austria ||| Ositiriya
Germany ||| Ubudage
Adana ||| Adana
Adapazarı ||| Adapazarı
Earth ||| Isi
Adıyaman ||| Adıyaman
January 12 ||| 12 Mutarama
January ||| Mutarama
Azerbaijan ||| Azeribayijani
Meat ||| Inyama
Dog ||| Imbwa
Latin ||| Ikilatini
Ilham Aliyev ||| Ilham Aliyev
Lion ||| Intare
Sunday ||| Ku cyumweru
Andorra ||| Andora
Ankara ||| Ankara
Antalya ||| Antalya
Antakya ||| Antakya
Arabic ||| Icyarabu
Albania ||| Alubaniya
Artvin ||| Artvin
Vladislav Ardzinba ||| Vladislav Ardzinba
Sport ||| Umukino
Istanbul ||| Istanbul
Tomato ||| Inyanya
Cat ||| Injangwe
China ||| Ubushinwa
Year ||| Umwaka
Monday ||| Ku wa mbere
Christianity ||| Ubukirisitu
Sukhumi ||| Sukumi
Money ||| Ifaranga
Tuesday ||| Ku wa Kabiri
Mustafa Kemal Atatürk ||| Mustafa Kemal Atatürk
Plant ||| Ikimera
Adjara ||| Ajara
Abkhazia ||| Abukaziya
Thursday ||| Ku wa kane
Sergei Bagapsh ||| Sergei Bagapsh
Balıkesir ||| Balıkesir
Barack Obama ||| Barack Obama
Batman ||| Batman (umujyi)
Batumi ||| Batumi
Berlin ||| Berlin
Bitlis ||| Bitlis
Bulgaria ||| Bulugariya
Bolivia ||| Boliviya
Buenos Aires ||| Buenos Aires
Bursa ||| Bursa
Bhutan ||| Butani
Greece ||| Ubugereki
Valparaíso ||| Valparaíso
Vanuatu ||| Vanuwatu
Warsaw ||| Warszawa
Vilnius ||| Vilnius
Hong Kong ||| Hongo Kongo
Europe ||| Burayi
Edirne ||| Edirne
Armenia ||| Arumeniya
Spain ||| Esipanye
Esperanto ||| Icyesiperanto
October ||| Ukwakira
February ||| Gashyantare
Japan ||| Ubuyapani
Jesus ||| Yezu Kirisitu
Italy ||| Ubutaliyani
Uetersen ||| Uetersen
Canada ||| Kanada
Caracas ||| Caracas
Kastamonu ||| Kastamonu
Concepción ||| Concepción
Corbin Bleu ||| Corbin Bleu
Curitiba ||| Curitiba
Latvia ||| Lativiya
May ||| Gicurasi
Lima ||| Lima
Lithuania ||| Lituwaniya
Liechtenstein ||| Liyeshitensiteyine
Łobez ||| Łobez
Madrid ||| Madrid
Hungary ||| Hongiriya
Moldova ||| Molidova
Monaco ||| Monako
Montevideo ||| Montevideo
Moshchena ||| Moshchena
April 23 ||| 23 Mata
April 27 ||| 27 Mata
April ||| Mata
August ||| Kanama
Norway ||| Noruveje
Osasco ||| Osasco
Paltoga ||| Paltoga
Peru ||| Peru
Pigazzano ||| Pigazzano
Podolsk ||| Podolsk
Poland ||| Polonye
June ||| Kamena
Rome ||| Roma
Rio de Janeiro ||| Rio de Janeiro
San Marino ||| Mutagatifu Marino
Santiago ||| Santiago de Chile
Siligo ||| Siligo
Slovakia ||| Silovakiya
Finland ||| Finilande
Ukraine ||| Ikerene
Russia ||| Uburusiya
Ferdinand Marcos ||| Ferdinand Marcos
France ||| Ubufaransa
Croatia ||| Korowatiya
March ||| Werurwe
September ||| Nzeri
Chile ||| Shili
Sweden ||| Suwede
Šiprage ||| Šiprage
Syria ||| Siriya
Kazakhstan ||| Kazakisitani
Kars ||| Kars
Cyprus ||| Shipure
Kyrgyzstan ||| Kirigizisitani
July ||| Nyakanga
December ||| Ukuboza
Turkey ||| Turukiya
Abuja ||| Abuja
Afghanistan ||| Afuganisitani
Africa ||| Afurika
Manama ||| Manama
Jerusalem ||| Yerusalemu
Algeria ||| Aligeriya
Americas ||| Amerika
Antarctica ||| Antarigitika
Antigua and Barbuda ||| Antigwa na Baribuda
Argentina ||| Arijantine
Asia ||| Aziya
Astana ||| Astana
The Bahamas ||| Bahamasi
Bahrain ||| Bahirayini
Urdu ||| Inyeyurudu
Bacteria ||| Bagiteri
Baku ||| Baku
Bangladesh ||| Bangaladeshi
Banjarmasin ||| Banjarimasini
Belize ||| Belize
Benin ||| Bene
Bill Clinton ||| Bill Clinton
Animal ||| Inyamaswa
Netherlands ||| Ubuholandi
Bogotá ||| Bogota
Bosnia and Herzegovina ||| Bosiniya na Herizegovina
Botswana ||| Botswana
Brazil ||| Burezile
Brunei ||| Buruneyi
Burkina Faso ||| Burukina Faso
Burundi ||| Uburundi
Belarus ||| Belarusi
Belgium ||| Ububiligi
Chad ||| Cade
Denmark ||| Danimarike
Dharius ||| Dharius
Damascus ||| Damasiko
Djibouti ||| Jibuti
Doha ||| Doha
Eritrea ||| Eritereya
Ethiopia ||| Etiyopiya
Facebook ||| Facebook
Fiji ||| Fiji
Philippines ||| Filipine
Funafuti ||| Funafuti
Elephant ||| Inzovu
The Gambia ||| Gambiya
George H. W. Bush ||| George H. W. Bush
George W. Bush ||| George W. Bush
Ghana ||| Gana
Gibraltar ||| Giburalitari
Guam ||| Gwami
Guatemala ||| Gwatemala
Horse ||| Ifarashi
Guinea ||| Gineya
Guinea-Bissau ||| Gineya-Biso
Mountain ||| Umusozi
Guyana ||| Giyana
Aleppo ||| Alepo
Havana ||| Havana
Honduras ||| Hondurasi
India ||| Ubuhinde
Indonesia ||| Indonesiya
Iraq ||| Irake
Islamabad ||| Islamabad
Iceland ||| Isilande
Israel ||| Isirayeli
Jair Bolsonaro ||| Jair Bolsonaro
Jakarta ||| Jakarta
Jamaica ||| Jamayika
Jersey ||| Jersey
Kabul ||| Kabul
Philosophy ||| Filozofi
New Caledonia ||| Nuveli Kalidoniya
Cambodia ||| Kambodiya
Goat ||| Ihene
Kenya ||| Kenya
Kim Il-sung ||| Kim Il-sung
Kiribati ||| Kiribati
Colombia ||| Kolombiya
Kosovo ||| Kosovo
Costa Rica ||| Kosita Rika
Ho Chi Minh City ||| Ho Chi Minh (umujyi)
River ||| Uruzi
Cuba ||| Kiba
Kuwait ||| Koweti
Laos ||| Lawosi
Lesotho ||| Lesoto
Cattle ||| Inka
Liberia ||| Liberiya
Libya ||| Libiya
Lebanon ||| Libani
Luxembourg ||| Lugizamburu
Madagascar ||| Madagasikari
Morocco ||| Maroke
North Macedonia ||| Masedoniya
Macau ||| Makawo
Maldives ||| Malidivezi
Malawi ||| Malawi
Malaysia ||| Malesiya
Mali ||| Mali
Malta ||| Malita
Malé ||| Malé
Managua ||| Managua
Manila ||| Manila
Mauritania ||| Moritaniya
Mexico ||| Megizike
Michael Jackson ||| Michael Jackson
Mogadishu ||| Mogadishu
Mongolia ||| Mongoliya
Montenegro ||| Montenegoro
Mozambique ||| Mozambike
Thailand ||| Tayilande
Muharram ||| Muharramu
Myanmar ||| Mayanimari
Jacob ||| Yakobo
Namibia ||| Namibiya
Nauru ||| Nawuru
Nha Trang ||| Nha Trang
Niger ||| Nigeri
Nigeria ||| Nijeriya
Nicaragua ||| Nikaragwa
Nicosia ||| Nikosiya
Niue ||| Niyuwe
Nepal ||| Nepali
Oman ||| Omani
Oceania ||| Oseyaniya
Pakistan ||| Pakisitani
Palau ||| Palawu
Panama ||| Panama
Papua New Guinea ||| Papuwa Nuveli Gineya
Paraguay ||| Paragwe
Paris ||| Paris
Banana ||| Umuneke
Portugal ||| Porutigali
Ankara Province ||| Intara y’Ankara
Isle of Man ||| Ikirwa cya Man
Pitcairn Islands ||| Piticayirine
Qatar ||| Katari
Rabat ||| Rabat
Chuvashia ||| Cuvashiya
Mordovia ||| Morodoviya
Tatarstan ||| Tatarisitani
Udmurtia ||| Udimuritiya
Ronald Reagan ||| Ronald Reagan
Roubaix ||| Roubaix
Romania ||| Romaniya
Rwanda ||| Rwanda
Senegal ||| Senegali
New Zealand ||| Nuveli Zelande
Sierra Leone ||| Siyera Lewone
Singapore ||| Singapore
Salt ||| Umunyu
Slovenia ||| Siloveniya
Sofia ||| Sofiya
Somalia ||| Somaliya
Sri Lanka ||| Siri Lanka
Sudan ||| Sudani
Suriname ||| Surinamu
Eswatini ||| Swazilande
Serbia ||| Seribiya
Taipei ||| Tayipeyi
Taiwan ||| Tayiwani
Tajikistan ||| Tajikisitani
Tanzania ||| Tanzaniya
Thanh Hóa ||| Thanh Hoa
Cucumber ||| Konkombure
Tirana ||| Tirana
Togo ||| Togo
Tokelau ||| Tokelawu
Tokyo ||| Tokyo
Tonga ||| Tonga
Tunisia ||| Tunisiya
Turkmenistan ||| Turukimenisitani
Tuvalu ||| Tuvalu
Uganda ||| Ubugande
Ulysses S. Grant ||| Ulysses Simpson Grant
Jordan ||| Yorudani
Uruguay ||| Irigwe
Uzbekistan ||| Uzubekisitani
Valery Leontiev ||| Valery Leontiev
Vatican City ||| Vatikani
Vietnam ||| Viyetinamu
Vũng Tàu ||| Vung Tau
Venezuela ||| Venezuwela
Wallis and Futuna ||| Walisi na Fatuna
Yemen ||| Yemeni
Yerevan ||| Yerevan
Zambia ||| Zambiya
Ecuador ||| Ekwadoro
El Salvador ||| Saluvadoro
Estonia ||| Esitoniya
Đồng Hới ||| Dong Hoi
Addis Ababa ||| Addis Ababa
Anna Netrebko ||| Anna Netrebko
Asmara ||| Asmara
Gabon ||| Gabon
Yokohama ||| Yokohama
Cameroon ||| Kameruni
Quito ||| Quito
Monkey ||| Inguge
Camel ||| Ingamiya
Nairobi ||| Nairobi
Nile ||| Nili
Recep Tayyip Erdoğan ||| Recep Tayyip Erdoğan
Ouagadougou ||| Wagadugu
Vegetable ||| Imboga
Çanakkale ||| Çanakkale
Earthquake ||| Umutingito
Abdoulaye Wade ||| Abdoulaye Wade
Abdullah Gül ||| Abdullah Gül
Abraham Lincoln ||| Abraham Lincoln
Accra ||| Accra
Afrikaans ||| Ikinyafurikansi
Aluminium ||| Aluminiyumu
Andrew Jackson ||| Andrew Jackson
Andrew Johnson ||| Andrew Johnson
Angola ||| Angola
Anguilla ||| Angwiya
Antananarivo ||| Antananarivo
Apple ||| Pome
Aruba ||| Aruba
Asparagus ||| Asiperije
Avocado ||| Avoka
Bamako ||| Bamako
Bangui ||| Bangui
Banjul ||| Banjul
Barbados ||| Barubadosi
Benjamin Harrison ||| Benjamin Harrison
Bermuda ||| Berimuda
Beer ||| Inzoga
Bissau ||| Biso
Book ||| Igitabo
Tree ||| Igiti
Brain ||| Ubwonko
Bread ||| Umugati
Bujumbura ||| Bujumbura
Beeswax ||| Igishashara
Calvin Coolidge ||| Calvin Coolidge
Chester A. Arthur ||| Chester A. Arthur
Cholesterol ||| Cholestérol
Comoros ||| Komore
Day ||| Umunsi
Dilma Rousseff ||| Dilma Rousseff
Diyarbakır ||| Diyarbakır
Dodoma ||| Dodoma
Dollar ||| Idolari
Dominica ||| Dominika
Donkey ||| Indogoba
Drink ||| Ikinyobwa
Dresden ||| Dresden
Germans ||| Abadage
Dwight D. Eisenhower ||| Dwight D. Eisenhower
Egg as food ||| Igi
Family ||| Miryango
Festus Mogae ||| Festus Mogae
Franklin D. Roosevelt ||| Franklin Delano Roosevelt
Franklin Pierce ||| Franklin Pierce
Fugu ||| Fugu
Gaborone ||| Gaborone
Galileo Galilei ||| Galileo Galilei
Gaziantep ||| Gaziantep
Georg Wilhelm Friedrich Hegel ||| Georg Wilhelm Friedrich Hegel
George Washington ||| George Washington
Gerald Ford ||| Gerald R. Ford
Dombeya rotundifolia ||| Umukore (rotundifolia)
Gorilla ||| Ingagi
Grenada ||| Gerenada
Greenland ||| Goronulande
Grover Cleveland ||| Grover Cleveland
Guadeloupe ||| Gwadelupe
Guy Verhofstadt ||| Guy Verhofstadt
Hande Yener ||| Hande Yener
Hans Martin Sutermeister ||| Yohani Martin Sutermeister
Harare ||| Harare
Harry S. Truman ||| Harry S. Truman
Haiti ||| Hayiti
Hebe Camargo ||| Hebe Camargo
Henk Kamp ||| Henk G.J. Kamp
Herbert Hoover ||| Herbert Hoover
Honey ||| Ubuki
Hiroshima ||| Hiroshima
Chicken ||| Inkoko
ISO 3166-1 ||| ISO 3166-1
ISO 4217 ||| ISO 4217
Idi Amin ||| Idi Amin Dada
Illuminati ||| Illuminati
Immanuel Kant ||| Emmanuel Kant
Insect ||| Inigwahabiri
İzmir ||| İzmir
İzmit ||| İzmit
James Buchanan ||| James Buchanan
James A. Garfield ||| James Garfield
James K. Polk ||| James Knox Polk
James Madison ||| James Madison
James Monroe ||| James Monroe
Jimmy Carter ||| Jimmy Carter
Yugoslavia ||| Yugosilaviya
Yoga ||| Yoga
Yogurt ||| Yawurute
John Adams ||| John Adams
John F. Kennedy ||| John F. Kennedy
John Quincy Adams ||| John Quincy Adams
John Tyler ||| John Tyler
Jomo Kenyatta ||| Jomo Kenyatta
Julius Nyerere ||| Julius Nyerere
Cape Verde ||| Kapu Veri
Kalanchoe ||| Igitenetene
Kayseri ||| Kayseri
Christmas ||| Noheli
Kigali ||| Kigali
Child ||| Umwana
Kingston ||| Kingston
Kinshasa ||| Kinshasa
Kinyarwanda ||| Ikinyarwanda
Kirundi ||| Ikirundi
Lake Kivu ||| Ikiyaga cya Kivu
Color ||| Ibara
Coffee ||| Ikawa
Konya ||| Konya
Life ||| Ubuzima
Lingala ||| Ilingala
Ludwig Feuerbach ||| Ludwig Feuerbach
Luiz Inácio Lula da Silva ||| Luiz Inácio Lula da Silva
Loquat ||| Umunoferiya
Lusaka ||| Lusaka
Lyndon B. Johnson ||| Lyndon B. Johnson
Hymen ||| Akabambano
Month ||| Ukwezi
Majuro ||| Majuro
Macadamia ||| Makadamiya
Malabo ||| Malabo
Mamphela Ramphele ||| Mamphela Ramphele
Mandarin orange ||| Mandarine
Maputo ||| Maputo
Marco Polo ||| Mariko Polo
Marek Grechuta ||| Marek Grechuta
Martin Van Buren ||| Martin Van Buren
Martinique ||| Maritike
Maseru ||| Maseru
Mata Utu ||| Mata-Utu
Mauritius ||| Morise
Mayotte ||| Mayoti
Mersin ||| Mersin
Michel Temer ||| Michel Temer
Maize ||| Ikigori
Ugali ||| Ubugari
Millard Fillmore ||| Millard Fillmore
Montserrat ||| Monserati
Moroni ||| Moroni
Mosiuoa Lekota ||| Mosiuoa Lekota
Squash ||| Squash
Nagasaki ||| Nagasaki
Niamey ||| Niamey
Niacin ||| Vitamini B3
Nicolaus Copernicus ||| Nicolas Copernic
Nuuk ||| Nuuk
Ugaritic ||| Icyugaritike
Olusegun Obasanjo ||| Olusegun Obasanjo
Olive ||| Umumuri
Oncology ||| Kanseri
PDF ||| PDF
Palikir ||| Palikir
Papaya ||| Ipapaya
Poker ||| Pokeri
Puerto Rico ||| Puwerito Riko
Quett Masire ||| Quett Masire
Mimosa pigra ||| Umugeyo (Mimosa pigra)
Radio Studio 54 Network ||| Radio Studio 54 Network
Rafael Correa ||| Rafael Correa
René Descartes ||| René Descartes
Riboflavin ||| Vitamini B2
Richard Nixon ||| Richard Nixon
Impala ||| Impara
Rosemary ||| Romarin
Rutherford B. Hayes ||| Rutherford B. Hayes
Rice ||| Umuceli
Réunion ||| Reyiniyo
Blue monkey ||| Inkima
Samuel Morse ||| Samuel Morse
Sanskrit ||| Igisansikiriti
Sepp Blatter ||| Sepp Blatter
Seychelles ||| Seyishele
State of Palestine ||| Palestine
Mosquito ||| Umubu
Stream ||| Umugezi
Stuttgart ||| Stuttgart
Sugar ||| Isukari
Sung Jae-gi ||| Sung Jae-ki
Suva ||| Suva
Acacia mearnsii ||| Barakatsi
São Tomé and Príncipe ||| Sawo Tome na Purensipe
Tel Aviv ||| Tel Aviv
Tennis ||| Tenisi
Terrorism ||| Iterabwoba
Thabo Mbeki ||| Thabo Mbeki
Theodore Roosevelt ||| Theodore Roosevelt
Thomas Jefferson ||| Thomas Jefferson
Thiamine ||| Vitamini B1
Trabzon ||| Trabzon
Trinidad and Tobago ||| Tirinida na Tobago
Tutsi ||| Abatutsi
Onion ||| Ubuntunguru
Umbundu ||| Icyumbundu
Vaduz ||| Vaduz
Vandana Shiva ||| Vandana Shiva
Chameleon ||| Uruwumvu
Fishing ||| Uburobyi
Vitamin A ||| Vitamini A
Vitamin B12 ||| Vitamini B12
Vitamin C ||| Vitamini C
Fruit ||| Urubuto
Volcano ||| Ikirunga
Warren G. Harding ||| Warren G. Harding
Sitatunga ||| Inzobe
Week ||| Icyumweru
WikiLeaks ||| WikiLeaks
William Henry Harrison ||| William Henry Harrison
William Howard Taft ||| William Howard Taft
William McKinley ||| William McKinley
White Nile ||| Nili Yera
Morus alba ||| Iboberi
Woodrow Wilson ||| Woodrow Wilson
Zachary Taylor ||| Zachary Taylor
Zimbabwe ||| Zimbabwe
Zinedine Zidane ||| Zinedine Zidane
Şalom ||| Şalom
Gryfice ||| Gryfice
Isparta ||| Isparta
John Kufuor ||| John Kufuor
Hama ||| Hama
Jaffa ||| Yafa
Soybean ||| Soya
Tibet ||| Tibeti
Meles Zenawi ||| Meles Zenawi
Mwai Kibaki ||| Mwai Kibaki
Spinach ||| Epinari
Tamarillo ||| Ikinyomoro
Pea ||| Ishaza
Omar al-Bashir ||| Omar El Bechir
Carrot ||| Ikaroti
Koror ||| Koror
Hagenia ||| Umugeshi
Daniel arap Moi ||| Daniel arap Moi
Jatropha ||| Ikivurahinda
Cabbage ||| Ishu
Radish ||| Radi
Paul Kagame ||| Paul Kagame
Cà Mau ||| Ca Mau
Honey bee ||| Uruyuki
Human body ||| Umubiri
Adam ||| Adamu
Aksaray ||| Aksaray
Abulfaz Elchibey ||| Abülfaz Elçibay
Eragrostis ||| Ishinge
Ardahan ||| Ardahan
Ordu ||| Ordu
Erzincan ||| Erzincan
Erzurum ||| Erzurum
Ağrı ||| Ağrı
Avast Antivirus ||| Avast Antivirus
Afyonkarahisar ||| Afyonkarahisar
Altındağ ||| Altındağ
Alpha Oumar Konaré ||| Alpha Oumar Konaré
Allen Iverson ||| Allen Iverson
Amasya ||| Amasya
Urfa ||| Şanlıurfa
Uşak ||| Uşak
Oxfam ||| Oxfam
Aydın ||| Aydın
Eskişehir ||| Eskişehir
Iğdır ||| Iğdır
Sinusitis ||| Sinizite
World Social Forum ||| World Social Forum
Bartın ||| Bartın
Pasteur Bizimungu ||| Pasteur Bizimungu
Agave ||| Agave
Bayburt ||| Bayburt
Germplasm ||| Kororoka
Benjamin Mkapa ||| Benjamin Mkapa
Burdur ||| Burdur
Paul Wolfowitz ||| Paul Wolfowitz
Polatlı ||| Polatlı
Bolu ||| Bolu
Bilecik ||| Bilecik
Bingöl ||| Bingöl
Pierre Buyoya ||| Pierre Buyoya
Pierre Nkurunziza ||| Petero Nkurunziza
Tekirdağ ||| Tekirdağ
Turgut Özal ||| Turgut Özal
Tokat ||| Tokat
Tommy Thompson ||| Tommy Thompson
Tunceli ||| Tunceli
Pennisetum ||| Penisetumu
Jakaya Kikwete ||| Jakaya Kikwete
Jackfruit ||| Igifenesi
Jean-Pierre Bemba ||| Jean-Pierre Bemba
Çankırı ||| Çankırı
Mount Sabyinyo ||| Ikirunga cya Sabyinyo
Mount Gahinga ||| Ikirunga cya Gahinga
Mount Muhabura ||| Ikirunga cya Muhabura
Kenaf ||| Uruberwa
Joaquim Chissano ||| Joaquim Chissano
Çorum ||| Çorum
Joseph Stiglitz ||| Joseph Stiglitz
Juvénal Habyarimana ||| Juvénal Habyarimana
Galium ||| Kayele
Heydar Aliyev ||| Heydar Aliyev
Artichoke ||| Aritisho
Dirham ||| Idiramu
Derviş Eroğlu ||| Derviş Eroğlu
Denizli ||| Denizli
Düzce ||| Düzce
Dinar ||| Idenari
Denis Sassou Nguesso ||| Denis Sassou Nguesso
Sansevieria ||| Rubamba
Rauf Denktaş ||| Rauf Denktaş
Rial ||| Iriyali
Rize ||| Rize
Zonguldak ||| Zonguldak
Sardis ||| Sarudi
Samsun ||| Samsun
Siirt ||| Siirt
Svalbard and Jan Mayen ||| Sivalibadi na Jani Mayeni
Sinop ||| Sinop
Sivas ||| Sivas
Şırnak ||| Şırnak
Cherie Blair ||| Cherie Blair
Osmaniye ||| Osmaniye
Desmodium ||| Desimodiyumu
Ali Hassan Mwinyi ||| Ali Hassan Mwinyi
Omar Bongo ||| Omar Bongo
Kyrenia ||| Girne
Galatia ||| Galatiya
Giresun ||| Giresun
Frank Habineza ||| Frank Habineza
God zij met ons Suriname ||| God zij met ons Suriname
Hotel Rwanda ||| Hotel Rwanda
Vitamin B6 ||| Vitamini B6
Fernando Henrique Cardoso ||| Fernando Henrique Cardoso
Kaymakam ||| Kaymakam
Kırşehir ||| Kırşehir
Kırklareli ||| Kırklareli
Karabük ||| Karabük
Karaman ||| Karaman
Leek ||| Igitunguru
Kilis ||| Kilis
Kalimantan ||| Kalimantana
Kütahya ||| Kütahya
Zucchini ||| Igihaza
Gümüşhane ||| Gümüşhane
Kırıkkale ||| Kırıkkale
Cowpea ||| Igishyimbo
Laura Bush ||| Laura Bush
Leucaena ||| Lesena
Louis Michel ||| Louis Michel
Mardin ||| Mardin
Mary Robinson ||| Mary Robinson
Machete (2010 film) ||| Machete (filimi)
Maltepe ||| Maltepe
Manisa ||| Manisa
Park ||| Pariki
Mehmet Ali Talat ||| Mehmet Ali Talat
Kahramanmaraş ||| Kahramanmaraş
Masjid Ahmad Ibrahim ||| Umusigiti wa Ahmad Ibrahim
Mosque of Ibn Tulun ||| Umusigiti wa Ibn Tulun
Masjid Al-Abrar ||| Umusigiti wa Al-Abrar
Masjid Al-Ansar ||| Umusigiti wa Al-Ansar
Masjid Al-Istiqamah ||| Umusigiti wa Al-Istiqamah
Masjid Hajjah Fatimah ||| Umusigiti wa Hajjah Fatimah
Masjid Jamae ||| Umusigiti wa Jamae
Masjid Darul Makmur ||| Umusigiti wa Darul Makmur
Masjid Sallim Mattar ||| Umusigiti wa Sallim Mattar
Masjid e Tooba ||| Umusigiti wa Tooba
Masjid Abdul Gaffoor ||| Umusigiti wa Abdul Gaffoor
Mosque of Omar Ibn Al-Khattab ||| Umusigiti wa Omar Ibn Al-Khattab
Masjid Omar Kampong Melaka ||| Umusigiti wa Omar Kampong Melaka
Mosque of Amr ibn al-As ||| Umusigiti wa Amr ibn al-As
Masjid Malabar ||| Umusigiti wa Malabar
Mosque of Muhammad Ali ||| Umusigiti wa Muhammad Ali
Elazığ ||| Elazığ
Elâzığ ||| Elazığ
Malatya ||| Malatya
Queen bee ||| Urwiru
Mango ||| Umwembe
Apiary ||| Uruvumvu
Muş ||| Muş
Muğla ||| Muğla
Michèle Alliot-Marie ||| Michèle Alliot-Marie
Naomi Klein ||| Naomi Klein
Tabanus ||| Isazi
Nevşehir ||| Nevşehir
Niğde ||| Niğde
Hakkâri ||| Hakkâri
Van ||| Van (umujyi)
Herminiimonas glaciei ||| Herminiimonas glaciei
Angaur ||| Angaur
Peleliu ||| Peleliu
Sonsorol ||| Sonsorol
Kayangel ||| Kayangel
Yalova ||| Yalova
Yoweri Museveni ||| Yoweri Museveni
Yozgat ||| Yozgat
Alphonse-Marie Kadege ||| Alphonse-Marie Kadege
Cherimoya ||| Seremoliya
Pigeon pea ||| Umukunde
Carolina Dieckmann ||| Carolina Dieckmann
Dominique Mbonyumutwa ||| Dominique Mbonyumutwa
Grégoire Kayibanda ||| Grégoire Kayibanda
Boldo ||| Boldo
Rwanda Nziza ||| Rwanda Nziza
Jehovah ||| Yehova
Ayaş ||| Ayaş
Etimesgut ||| Etimesgut
Jean Kambanda ||| Jean Kambanda
Keçiören ||| Keçiören
Tobi (island) ||| Tobi
Yenimahalle ||| Yenimahalle
Şereflikoçhisar ||| Şereflikoçhisar
Kızılcahamam ||| Kızılcahamam
Nallıhan ||| Nallıhan
Guava ||| Amapera
Interahamwe ||| Interahamwe
Babeldaob ||| Babeldaob
Mount Karisimbi ||| Ikirunga cya Karisimbi
Karel De Gucht ||| Karel De Gucht
Cedrela ||| Isederera
Mitrailleuse ||| Mitarayeze
Ossetia ||| Osetiya
Rwanda Rwacu ||| Rwanda Rwacu
Mosque of Segrate ||| Umusigiti wa Segrate
Xuecheng (monk) ||| Xuecheng
Bernard Makuza ||| Bernard Makuza
Callitris ||| Callitrisi
Cato Institute ||| Cato Institute
Cécile Kayirebwa ||| Cécile Kayirebwa
Nyaruguru District ||| Nyaruguru
Elmadağ ||| Elmadağ
The Heritage Foundation ||| The Heritage Foundation
James Kabarebe ||| James Kabarebe
John Ralston Saul ||| John Ralston Saul
Kibeho ||| Kibeho
Kizito Mihigo ||| Kizito Mihigo
Lando Ndasingwa ||| Landoald Ndasingwa
Lake Muhazi ||| Ikiyaga cya Muhazi
Polyscias ||| Umwungo
Radio Muhabura ||| Radiyo Muhabura
The New Times (Rwanda) ||| The New Times (Rwanda)
Théoneste Bagosora ||| Théoneste Bagosora
Vernonia ||| Idoma
Mount Bisoke ||| Ikirunga cya Bisoke
Édouard Ngirente ||| Édouard Ngirente
Akyurt ||| Akyurt
Beypazarı ||| Beypazarı
Güdül ||| Güdül
Haymana ||| Haymana
Kalecik ||| Kalecik
Mamak ||| Mamak
Ngerekebesang Island ||| Ngerekebesang
Parajubaea torallyi ||| Parajubaea torallyi
Rhapidophyllum ||| Rhapidophyllum hystrix
Sincan ||| Sincan
Çamlıdere ||| Çamlıdere
Çubuk ||| Çubuk
Jagdish Bhagwati ||| Jagdish Bhagwati
Martin Wolf ||| Martin Wolf
Mosque in Sendling ||| Umusigiti wa Sendling
George Monbiot ||| George Monbiot
Heidemarie Wieczorek-Zeul ||| Heidemarie Wieczorek-Zeul
Hilary Benn ||| Hilary Benn
James L. Jones ||| James L. Jones
Johan Norberg ||| Johan Norberg
Adama Dieng ||| Adama Dieng
Agnes van Ardenne ||| Agnes van Ardenne
André Flahaut ||| André Flahaut
Anne-Marie Lizin ||| Anne-Marie Lizin
Balâ ||| Balâ
Competitive Enterprise Institute ||| Competitive Enterprise Institute
Donald Yamamoto ||| Donald Yamamoto
Douglas Irwin ||| Douglas A. Irwin
Evren ||| Evren
Frederick Sumaye ||| Frederick Sumaye
Gölbaşı ||| Gölbaşı 
Hassan Bubacar Jallow ||| Hassan Bubacar Jallow
Mount Huye ||| Umusozi wa Huye
Ichiro Aisawa ||| Ichiro Aisawa
Jean-Marie Guéhenno ||| Jean-Marie Guéhenno
Louis Sylvain Goma ||| Louis Sylvain Goma
Martin Khor ||| Martin Khor
Mosque of Muderis Ali Efendi ||| Umusigiti wa Muderis Ali Efendi
Pursaklar ||| Pursaklar
Amini Cishugi ||| Amini Cishugi
Nikolay Merkushkin ||| Nikolay Merkushkin
Ngoma drums ||| Ingoma
Antoinette Batumubwira ||| Antoinette Batumubwira
Akyurt ||| Akyurt
Antipas Mbusa ||| Antipas Mbusa Nyamwisi
Azarias Ruberwa ||| Azarias Ruberwa
FameMix ||| Famemix
Frédéric Ngenzebuhoro ||| Frédéric Ngenzebuhoro
Gervais Rufyikiri ||| Gervais Rufyikiri
Hervé Hasquin ||| Hervé Hasquin
Joseph Bamina ||| Joseph Bamina
Galatians ||| Abagalatiya
Philippe Legrain ||| Philippe Legrain
Masjid Taha ||| Umusigiti wa Taha
Agnes Kalibata ||| Agnes Matilda Kalibata
Daudi Migereko ||| Daudi Migereko
Erastus J. O. Mwencha ||| Erastus J. O. Mwencha
Institute of Public Affairs ||| Institute of Public Affairs
International Policy Network ||| International Policy Network
Jean Minani ||| Jean Minani
K. Y. Amoako ||| K. Y. Amoako
Patrick Mazimhaka ||| Patrick Mazimhaka
Peter Njeru Ndwiga ||| Peter Njeru Ndwiga
Robert H. Foglesong ||| Robert H. Foglesong
World Growth Institute ||| World Growth Institute
